nom,x,y,nombrePistes,nombrePlacesAuSol,delaiAttenteAuSol,delaiAccesAuxPistes,delaiAnticollision,tempsDecollageOuAtterrissage,dureeBoucleAttenteEnVol
a0,33.370069,-7.583809,2,10,4,2,1,2,2
a1,48.726041,2.365231,4,8,3,2,1,2,2
a2,40.497359529211515,-3.5672623699943604,4,8,3,2,1,2,2
a3,71.13376560758716,24.63192113539668,4,8,3,2,1,2,2
a4,38.95247665275181, -77.45792394030188,4,8,3,2,1,2,2
a5,71.13376560758716,24.63192113539668,4,8,3,2,1,2,2
